"Timestamp","Temperature","Humidity","LDR","Bulb State","Operating Mode"
"9/12/2026, 4:04:30 PM","22.6","50","2186","OFF","manual"
"9/12/2026, 4:05:00 PM","22.6","50","2190","OFF","manual"
"9/12/2026, 4:05:31 PM","22.6","50","2237","OFF","manual"
"9/12/2026, 4:06:02 PM","22.6","50","2243","OFF","manual"
"9/12/2026, 4:06:33 PM","22.6","50","2815","ON","automatic"
"9/12/2026, 4:07:04 PM","22.3","51","20","OFF","automatic"
"9/12/2026, 4:07:35 PM","22.6","51","1687","ON","automatic"
"9/12/2026, 4:08:05 PM","22.6","51","1535","ON","automatic"
"9/12/2026, 4:09:30 PM","23","52","1499","OFF","manual"
"9/12/2026, 4:10:02 PM","23","51","1931","OFF","manual"
"9/12/2026, 4:10:31 PM","23","51","4095","ON","automatic"
"9/12/2026, 4:11:02 PM","23","51","2207","OFF","manual"
"9/12/2026, 4:11:34 PM","23","50","0","OFF","automatic"
"9/12/2026, 4:12:05 PM","23","50","2353","OFF","manual"
"9/12/2026, 4:12:33 PM","23","50","4095","ON","automatic"
"9/12/2026, 4:13:03 PM","23","50","1264","ON","automatic"
"9/12/2026, 4:14:06 PM","23","51","2187","ON","automatic"
"9/12/2026, 4:18:34 PM","23","51","2373","OFF","manual"
"9/12/2026, 4:19:05 PM","23.4","51","2347","OFF","manual"
"9/12/2026, 4:19:35 PM","23.4","51","4095","ON","automatic"
"9/12/2026, 4:20:05 PM","23.4","50","304","OFF","automatic"
"9/12/2026, 4:20:35 PM","23.4","50","1588","OFF","manual"
"9/12/2026, 4:21:06 PM","23.4","51","1181","ON","automatic"
"9/12/2026, 5:00:39 PM","21.8","51","2737","ON","automatic"
"9/12/2026, 5:01:07 PM","22.2","50","2502","ON","automatic"
"9/12/2026, 5:01:37 PM","22.2","50","2522","ON","automatic"
"9/12/2026, 5:02:09 PM","22.2","50","2544","ON","automatic"
"9/12/2026, 5:02:42 PM","22.2","49","2559","ON","automatic"
"9/12/2026, 5:03:17 PM","22.2","49","2486","ON","automatic"
"9/12/2026, 5:03:44 PM","22.2","50","2704","ON","automatic"
"9/12/2026, 5:04:14 PM","22.2","50","2490","ON","automatic"
"9/12/2026, 5:04:44 PM","22.2","49","2441","ON","automatic"
"9/12/2026, 5:05:15 PM","22.2","49","2416","ON","automatic"
"9/12/2026, 5:05:45 PM","22.2","49","2445","ON","automatic"
"9/12/2026, 5:06:15 PM","22.2","49","2547","ON","automatic"
"9/12/2026, 5:06:45 PM","22.2","50","2476","ON","automatic"
"9/12/2026, 5:07:16 PM","22.2","49","2443","ON","automatic"
"9/12/2026, 5:07:46 PM","22.2","49","2747","ON","automatic"
"9/12/2026, 5:08:16 PM","22.2","49","2496","ON","automatic"
"9/12/2026, 5:08:46 PM","22.2","49","2427","ON","automatic"
"9/12/2026, 5:09:17 PM","22.2","49","2394","ON","automatic"
"9/12/2026, 5:09:48 PM","22.2","49","2383","ON","automatic"
"9/12/2026, 5:10:18 PM","22.2","49","2453","ON","automatic"
